"word","freq"
"the",85
"risk",74
"market",63
"model",63
"financial",56
"asset",55
"firms",54
"returns",52
"price",49
"can",48
"information",48
"using",47
"this",45
"higher",41
"credit",40
"investors",40
"evidence",39
"trading",39
"equity",36
"show",36
"value",36
"stock",35
"capital",34
"liquidity",34
"increase",33
"data",31
"prices",31
"results",31
"funds",29
"consistent",28
"effect",28
"expected",28
"pricing",28
"these",28
"trade",28
"assets",27
"study",27
"investment",26
"private",26
"fund",25
"models",25
"performance",25
"available",24
"large",24
"our",24
"interest",23
"lower",23
"u.s.",23
"also",22
"effects",22
"develop",21
"high",21
"item.",21
"markets",21
"paper",21
"shocks",21
"future",20
"new",20
"return",20
"stocks",20
"bank",19
"changes",19
"firm",19
"growth",19
"managers",19
"debt",18
"equilibrium",18
"less",18
"may",18
"optimal",18
"rates",18
"returns.",18
"support",18
"use",18
"across",17
"aggregate",17
"among",17
"increases",17
"mutual",17
"present",17
"provide",17
"relative",17
"significant",17
"banks",16
"bond",16
"consumption",16
"explain",16
"low",16
"option",16
"premium",16
"two",16
"variation",16
"volatility",16
"dealers",15
"demand",15
"empirical",15
"even",15
"important",15
"news",15
"traders",15
"due",14
"dynamic",14
"economic",14
"estimate",14
"leverage",14
"portfolio",14
"public",14
"account",13
"central",13
"corporate",13
"cost",13
"earnings",13
"factors",13
"findings",13
"however,",13
"identify",13
"leads",13
"loans",13
"markets.",13
"measure",13
"network",13
"real",13
"role",13
"share",13
"suggests",13
"theory",13
"time",13
"unique",13
"whether",13
"average",12
"banking",12
"contracts",12
"default",12
"examine",12
"exploit",12
"factor",12
"firm's",12
"house",12
"household",12
"increased",12
"likely",12
"net",12
"positive",12
"prices.",12
"rate",12
"significantly",12
"social",12
"spreads",12
"variance",12
"affects",11
"agents",11
"alternative",11
"arbitrageurs",11
"bad",11
"exposure",11
"financing",11
"firms.",11
"frictions",11
"institutions",11
"investor",11
"market.",11
"model,",11
"novel",11
"search",11
"size",11
"states",11
"suggest",11
"supply",11
"tax",11
"test",11
"affect",10
"cash",10
"common",10
"costs",10
"countries",10
"for",10
"informed",10
"institutional",10
"labor",10
"larger",10
"negative",10
"ownership",10
"pension",10
"policy",10
"profitability",10
"propose",10
"quality",10
"relation",10
"result",10
"shocks.",10
"standard",10
"studies",10
"thus",10
"uncertainty",10
"when",10
"access",9
"although",9
"based",9
"become",9
"behavior",9
"belief",9
"collateral",9
"constraints",9
"currency",9
"current",9
"demonstrate",9
"disagreement",9
"document",9
"driven",9
"dynamics",9
"expectations",9
"following",9
"funding",9
"global",9
"incentives",9
"increasing",9
"index",9
"individual",9
"investigate",9
"investors.",9
"marginal",9
"much",9
"one",9
"order",9
"orders",9
"rather",9
"risk,",9
"securities",9
"several",9
"shows",9
"skill",9
"ability",8
"active",8
"adverse",8
"analysis",8
"arbitrage",8
"benchmark",8
"bonds",8
"borrowing",8
"change",8
"component",8
"data,",8
"data.",8
"diversification",8
"features",8
"fees",8
"finance",8
"firms,",8
"funds.",8
"generates",8
"given",8
"impact",8
"influence",8
"information.",8
"international",8
"leading",8
"least",8
"limit",8
"long<U+2010>run",8
"management",8
"paper,",8
"portfolios",8
"probability",8
"related",8
"resulting",8
"returns,",8
"sales",8
"sample",8
"since",8
"state",8
"strong",8
"stronger",8
"systematic",8
"analyze",7
"another",7
"behavior.",7
"benefit",7
"benefits",7
"better",7
"borrow",7
"capture",7
"compensation",7
"correlated",7
"cross<U+2010>section",7
"dealer",7
"decisions.",7
"exchange",7
"exogenous",7
"explained",7
"firm<U+2010>level",7
"first",7
"flows",7
"foreign",7
"generate",7
"good",7
"hedging",7
"housing",7
"implications",7
"improve",7
"income",7
"loan",7
"major",7
"many",7
"monetary",7
"mortgage",7
"networks",7
"overall",7
"persistent",7
"poor",7
"premia",7
"profits",7
"ratings",7
"recent",7
"reduce",7
"relationships",7
"retail",7
"shock",7
"stochastic",7
"stocks.",7
"strategy",7
"strongly",7
"three",7
"volatility.",7
"within",7
"2009",6
"advantage",6
"allocation",6
"analyst",6
"analysts",6
"annual",6
"associated",6
"asymmetric",6
"away",6
"because",6
"biased",6
"borrowed",6
"cds",6
"characteristics",6
"controlling",6
"cross<U+2010>sectional",6
"decisions",6
"decrease",6
"deposit",6
"derive",6
"differences",6
"different",6
"direct",6
"discovery",6
"dividends",6
"empirically",6
"employment",6
"especially",6
"excess",6
"face",6
"forecast",6
"futures",6
"greater",6
"helps",6
"heterogeneous",6
"highly",6
"households",6
"implies",6
"insurance",6
"item.)",6
"lead",6
"learning",6
"markets,",6
"multiple",6
"noise",6
"observed",6
"personal",6
"play",6
"predictability",6
"problem",6
"proprietary",6
"reduces",6
"reducing",6
"response",6
"risk.",6
"short",6
"short<U+2010>term",6
"similar",6
"small",6
"spread",6
"structure",6
"substantial",6
"swap",6
"take",6
"taking",6
"tests",6
"theoretical",6
"theories",6
"times",6
"times,",6
"times.",6
"toward",6
"traded",6
"traders.",6
"venture",6
"version",6
"volume",6
"welfare",6
"yield",6
"(ii)",5
"accounts",5
"additional",5
"advisor's",5
"advisors",5
"allows",5
"amount",5
"argue",5
"assess",5
"behavioral",5
"billion",5
"borrower",5
"brokers",5
"causal",5
"changes.",5
"choice",5
"commit",5
"commitment",5
"committee",5
"conditional",5
"conditions",5
"conflicts",5
"connected",5
"construct",5
"costly",5
"cross",5
"decreasing",5
"default.",5
"depends",5
"determinant",5
"deviations",5
"discount",5
"dynamics.",5
"economy",5
"effects.",5
"efficiency",5
"efficient",5
"endogenous",5
"errors",5
"exhibit",5
"experience",5
"exploiting",5
"extent",5
"factors.",5
"feature",5
"fixed",5
"fully",5
"general",5
"generally",5
"government",5
"hold",5
"idea",5
"improves",5
"incentive",5
"including",5
"industry",5
"introduce",5
"investors'",5
"investors¡¦",5
"ipo",5
"issuer<U+2010>paid",5
"key",5
"lenders",5
"leverage,",5
"limited",5
"long<U+2010>term",5
"magnitude",5
"make",5
"matching",5
"mechanism",5
"model's",5
"moderate",5
"moreover,",5
"offer",5
"often",5
"opportunities",5
"options",5
"parents",5
"past",5
"per",5
"periods",5
"points",5
"positions",5
"potential",5
"power",5
"predictions",5
"preferences",5
"prices,",5
"production",5
"productive",5
"productivity",5
"provision",5
"pure",5
"raise",5
"realized",5
"relatively",5
"responses",5
"rights",5
"routine<U+2010>task",5
"selection",5
"series",5
"set",5
"sharpe",5
"shift",5
"shocks,",5
"sources",5
"studying",5
"term",5
"terms",5
"trade.",5
"valuation",5
"values",5
"wealth",5
"well",5
"while",5
"(e.g.,",4
"<U+2010><U+2010>sample",4
"advance",4
"anomaly",4
"appear",4
"assets,",4
"balance",4
"basis",4
"bayesian",4
"beliefs",4
"betas",4
"build",4
"buyers",4
"call",4
"capital,",4
"capital.",4
"captive",4
"captures",4
"cause",4
"cdb",4
"ceo",4
"channel",4
"choices",4
"choose",4
"clients",4
"cognitive",4
"communication",4
"compared",4
"compensation.",4
"component.",4
"concentration",4
"concerns",4
"condition",4
"contract",4
"contrary",4
"contrast",4
"control",4
"costs,",4
"costs.",4
"countries'",4
"coworkers",4
"creates",4
"customers",4
"deals",4
"decentralized",4
"decreases",4
"delay",4
"demands",4
"design",4
"despite",4
"determined",4
"dispersion",4
"distressed",4
"dominated",4
"earn",4
"easily",4
"economically",4
"economy.",4
"effect.",4
"effects,",4
"effort",4
"emerging",4
"employee",4
"error",4
"estimated",4
"evolution",4
"execution",4
"exercise",4
"expectations,",4
"experimental",4
"explore",4
"fed",4
"finally,",4
"firms'",4
"forecasts",4
"foreclosure",4
"formation",4
"fraction",4
"framework",4
"frictions.",4
"gains",4
"growth,",4
"half",4
"help",4
"heterogeneity",4
"holdings",4
"importance",4
"incentivized",4
"include",4
"independent",4
"induced",4
"inefficiently",4
"information,",4
"informational",4
"initial",4
"instead,",4
"insurers",4
"invest",4
"large,",4
"laws",4
"lender",4
"lending",4
"level",4
"levels",4
"limits",4
"liquidity.",4
"lmi",4
"local",4
"macroeconomic",4
"management,",4
"managerial",4
"managers.",4
"market,",4
"misconduct",4
"mispricing",4
"natural",4
"negatively",4
"nominal",4
"nonlinear",4
"number",4
"operating",4
"orders.",4
"outcomes",4
"overdraft",4
"part",4
"participation",4
"patent",4
"patterns",4
"percentage",4
"performance,",4
"performance.",4
"period.",4
"policies",4
"potentially",4
"predictions.",4
"predicts",4
"preferences,",4
"premia.",4
"premium,",4
"presence",4
"previously",4
"price.",4
"priced",4
"product",4
"protection",4
"purchase",4
"quality,",4
"r&d",4
"raises",4
"rates.",4
"reallocation",4
"reduction",4
"relationship",4
"retention",4
"riska£á",4
"risks",4
"section",4
"sell",4
"sellers",4
"sentiment",4
"shadow",4
"shareholders",4
"socially",4
"sophisticated",4
"source",4
"stocks,",4
"strategies",4
"subsequent",4
"sufficient",4
"superior",4
"survey",4
"sustainability",4
"target",4
"therefore",4
"thus,",4
"total",4
"trade<U+2010>",4
"trades",4
"transaction",4
"turnover",4
"underlying",4
"uninformed",4
"uniqueness",4
"unlevered",4
"value.",4
"various",4
"via",4
"years",4
"zero",4
"(.e.,",3
"<U+2010><U+2010>counter",3
"2008",3
"2016.",3
"act",3
"actual",3
"administrative",3
"after",3
"agency",3
"allocated",3
"allocating",3
"allocations",3
"allocations.",3
"announced",3
"announcements.",3
"anomalies",3
"anticipate",3
"anticipated",3
"antitakeover",3
"appreciate",3
"approximately",3
"arises",3
"arising",3
"average,",3
"averse",3
"bank's",3
"bank<U+2010>affiliated",3
"banks'",3
"banks,",3
"banks.",3
"basis<U+2010>momentum",3
"beliefs.",3
"beta",3
"boards",3
"bonds,",3
"bonds.",3
"booms",3
"broadly",3
"capacity",3
"carry",3
"causally",3
"caused",3
"causes",3
"characterize",3
"children",3
"china",3
"close",3
"combined",3
"comes",3
"commercial",3
"computed",3
"conclude",3
"consequences",3
"constant",3
"constrained",3
"constraint",3
"constraints.",3
"consumers",3
"contains",3
"contrast,",3
"contributes",3
"contribution",3
"contributions",3
"correlate",3
"countercyclical",3
"crisis,",3
"crowd",3
"currencies",3
"cursed",3
"customers'",3
"cut",3
"cycles",3
"cyclicality",3
"daily",3
"dealers.",3
"debt.",3
"decision",3
"declines",3
"determine",3
"developed",3
"development",3
"deviation",3
"diagnostic",3
"difference",3
"difficult",3
"direction",3
"directors",3
"discrepancies",3
"discuss",3
"disposition",3
"distinct",3
"distributions",3
"drive",3
"earns",3
"education",3
"either",3
"employees",3
"endogenously",3
"enhance",3
"entire",3
"equilibria",3
"equilibrium,",3
"equilibrium.",3
"establish",3
"estimates",3
"etf",3
"evaluate",3
"example,",3
"exist",3
"existing",3
"experienced",3
"experiment",3
"experiments",3
"explaining",3
"explains",3
"explanation",3
"exploits",3
"far",3
"favorable",3
"federal",3
"fees,",3
"final",3
"finance,",3
"firms¡¦",3
"first<U+2010>time",3
"fit",3
"flow",3
"focus",3
"form",3
"forward",3
"fragility",3
"function",3
"funds,",3
"furthermore,",3
"gain",3
"goods",3
"hand,",3
"hedge",3
"hence",3
"herding",3
"hfts",3
"higha£á",3
"historical",3
"holding",3
"home",3
"identical",3
"identifies",3
"idiosyncratic",3
"implement",3
"imply",3
"incorporate",3
"indicate",3
"indicates",3
"individuals",3
"individuals'",3
"inducing",3
"industries",3
"industry,",3
"industry.",3
"influencing",3
"informative",3
"instead",3
"insure",3
"intensity",3
"intermediaries",3
"interpretation",3
"intervention",3
"intradaily",3
"introduces",3
"investigates",3
"involving",3
"issuer",3
"jumps",3
"kernel",3
"laboratory",3
"largely",3
"largest",3
"lasso",3
"law",3
"lean",3
"leverage.",3
"life<U+2010>cycle",3
"like",3
"likelihood",3
"linear",3
"linking",3
"liquidation",3
"liquidity,",3
"literate",3
"little",3
"long",3
"losses",3
"making",3
"manager's",3
"manufacturers",3
"mean",3
"meaningful",3
"means",3
"measures",3
"members",3
"mitigate",3
"mitigates",3
"mitigating",3
"momentum",3
"money",3
"mortality",3
"most",3
"motivated",3
"motives",3
"municipal",3
"necessary",3
"networks.",3
"nontrading",3
"observing",3
"optimally",3
"output",3
"overall,",3
"panel",3
"partially",3
"particularly",3
"passive",3
"pay",3
"pays",3
"performance<U+2010>based",3
"performs",3
"pessimistic",3
"plans",3
"political",3
"portfolios,",3
"positively",3
"predict",3
"predicting",3
"predictions,",3
"predictions:",3
"predictors",3
"premiums",3
"primarily",3
"prior",3
"priors",3
"probability.",3
"profits.",3
"pronounced",3
"provides",3
"provision.",3
"proxy",3
"purchases,",3
"question",3
"r&d<U+2010>intensive",3
"raising",3
"random",3
"range",3
"rank",3
"ratings.",3
"ratios",3
"react",3
"recommendations",3
"reductions",3
"reflected",3
"reflection",3
"regarding",3
"requires",3
"resale",3
"research",3
"respond",3
"responsible",3
"result,",3
"revelation",3
"rise",3
"risk<U+2010>neutral",3
"risk<U+2010>taking",3
"risky",3
"rule",3
"salience",3
"sample.",3
"savings",3
"sector",3
"selling",3
"sensation",3
"sensation<U+2010>seeking",3
"sets",3
"setting",3
"setting,",3
"shareholder",3
"shareholders,",3
"short<U+2010>",3
"sign",3
"signal",3
"simple",3
"single",3
"slope",3
"slow",3
"stable",3
"state<U+2010>level",3
"statistical",3
"still",3
"stockholders¡¦",3
"structural",3
"subjects",3
"substitution",3
"suggesting",3
"supports",3
"swaps",3
"temporary",3
"time.",3
"timing",3
"tournament",3
"tradea£á",3
"traditional",3
"turn,",3
"type",3
"underperform",3
"underperform,",3
"united",3
"unrealized",3
"used",3
"uses",3
"valuable",3
"valuations",3
"value,",3
"varies",3
"violations",3
"volume,",3
"volume.",3
"vs.",3
"wages",3
"wealth,",3
"widespread",3
"with",3
"without",3
"world",3
"world.",3
"worth",3
"year.",3
"years,",3
"yet",3
"yields",3
"young",3
"(2015,",2
"(cds)",2
"(hfts)",2
"(iii)",2
"(otc)",2
"<U+2010><U+2010>sample,",2
"<U+2010>tax",2
"10%",2
"11%",2
"18%",2
"2006",2
"2008.",2
"2011,",2
"2015",2
"30<U+2010>year",2
"50%",2
"80%",2
"able",2
"absorb",2
"actions",2
"actively",2
"activist",2
"activities",2
"added",2
"addition,",2
"adjustable<U+2010>rate",2
"adjustments",2
"adoptive",2
"advice",2
"advisers",2
"advisor",2
"affected",2
"affiliated",2
"agent's",2
"agreements.",2
"allowing",2
"along",2
"alpha",2
"alpha.",2
"alphas",2
"amazon",2
"analyses",2
"analysts¡¦",2
"anomalies,",2
"anomalies.",2
"anomaly.",2
"ante",2
"antiherding",2
"appears",2
"applications",2
"applied",2
"applies",2
"approaches.",2
"approximation",2
"areas",2
"areas,",2
"around",2
"assets.",2
"assignment",2
"attainable",2
"auction",2
"auctions",2
"aversion",2
"avoid",2
"back",2
"backing",2
"bank<U+2010>dependent",2
"bankruptcy",2
"bankruptcy.",2
"bargaining",2
"becomes",2
"benchmarks",2
"beneficial",2
"better.",2
"bias",2
"biases",2
"biological",2
"board",2
"boosting",2
"boosts",2
"borrowers",2
"broad",2
"broader",2
"broking",2
"building",2
"business",2
"businesses",2
"calibrated",2
"can,",2
"candidate",2
"capacity.",2
"capitalists",2
"captive<U+2010>backed",2
"career",2
"categorized",2
"ceos",2
"certain",2
"changes,",2
"channel,",2
"characteristic<U+2010>based",2
"characteristic<U+2010>sorted",2
"charge",2
"charts",2
"cities,",2
"client's",2
"clients'",2
"closed",2
"closer",2
"collateralized",2
"commitment.",2
"commodity",2
"commoditya£á",2
"comparing",2
"compensation,",2
"competing",2
"competition.",2
"competitive",2
"competitors",2
"components",2
"composition",2
"comprising",2
"concentrated",2
"conclusion",2
"conduct",2
"conflicted",2
"conflicts,",2
"consider",2
"considerably",2
"construction",2
"content",2
"context,",2
"contracting",2
"contracts.",2
"controls",2
"conventional",2
"core",2
"correct",2
"corresponding",2
"country",2
"covered",2
"crash",2
"creating",2
"credit.",2
"crisis",2
"crisis.",2
"cross<U+2010>market",2
"customers,",2
"cycle",2
"date.",2
"days",2
"debit",2
"decision<U+2010>making.",2
"decline",2
"declined",2
"defaults",2
"defined",2
"degree",2
"delayed",2
"demand.",2
"depth",2
"designed",2
"detailed",2
"differ",2
"difference<U+2010><U+2010>differences",2
"differential",2
"differentially",2
"differentials",2
"diffusion",2
"directly",2
"disagreement,",2
"disappear",2
"dismissal",2
"dispersion,",2
"display",2
"disruption",2
"distort",2
"distorted",2
"distortions",2
"distribution",2
"dividend",2
"dividend<U+2010>paying",2
"divisions",2
"documented",2
"double",2
"downside",2
"draw",2
"drives",2
"driving",2
"earlier",2
"economies",2
"efficiency,",2
"emotional",2
"empirically,",2
"encourage",2
"endogeneity",2
"entrepreneur's",2
"equity,",2
"espp",2
"european",2
"events",2
"ex<U+2010>post",2
"examiners",2
"exceed",2
"exceeds",2
"executive",2
"exercises",2
"exert",2
"exhibits",2
"exit",2
"expansion",2
"expansions",2
"expectation",2
"expectations.",2
"expenditures.",2
"expense",2
"expensive",2
"experience.",2
"experiences",2
"experiments.",2
"explanations",2
"explanatory",2
"explicit",2
"explores",2
"exposed",2
"exposures,",2
"extant",2
"extensions",2
"externality.",2
"extrapolation",2
"facilitates",2
"facilitating",2
"fact",2
"factors,",2
"facts",2
"fail",2
"fails",2
"failure",2
"faster",2
"featuring",2
"fees.",2
"fewer",2
"finance.",2
"financially",2
"finding",2
"findings,",2
"findings.",2
"fire",2
"firm<U+2010>specific",2
"fits",2
"flow<U+2010>performance",2
"flows.",2
"fluid",2
"follow",2
"forces",2
"forcing",2
"forecasting",2
"formula",2
"frame",2
"france's",2
"free",2
"frequency",2
"frequency,",2
"frequent",2
"frequently,",2
"fronta£á",2
"fundamentals",2
"fundamentals.",2
"funding.",2
"funds'",2
"fvas",2
"gains.",2
"gender",2
"generated",2
"get",2
"give",2
"gives",2
"governance",2
"governance.",2
"gradually",2
"grant",2
"grants",2
"groups",2
"growth.",2
"growtha£á",2
"harder",2
"hazard",2
"hedgers'",2
"hedging.",2
"held",2
"helping",2
"hence,",2
"heuristic.",2
"hfts¡¦",2
"high-fee",2
"high<U+2010>frequency",2
"hml",2
"holds.",2
"how",2
"human",2
"hypothesis",2
"ideal",2
"identification",2
"identity",2
"illiquid",2
"illiquidity",2
"impact,",2
"implementation",2
"implications.",2
"important.",2
"impressive",2
"improper",2
"includes",2
"income,",2
"inconsistent",2
"incorrect",2
"indices",2
"indices.",2
"induces",2
"industries.",2
"inefficiencies,",2
"inefficient",2
"inflows",2
"information<U+2010>based",2
"initially",2
"innovation",2
"input<U+2010>output",2
"insolvency",2
"installed",2
"insulate",2
"insurance.",2
"interest,",2
"intuition",2
"inventory,",2
"investment,",2
"investment.",2
"investments",2
"investors,",2
"journal",2
"known",2
"laboratory.",2
"land",2
"last",2
"laws,",2
"leadership,",2
"led",2
"legal",2
"levered",2
"light",2
"likelihoods",2
"line",2
"link",2
"links",2
"liquid",2
"liquidated",2
"loaded",2
"loss",2
"lost",2
"low,",2
"lowers",2
"m&a",2
"machines",2
"made",2
"madrigal",2
"magnifies",2
"main",2
"management.",2
"margin",2
"market<U+2010><U+2010>book",2
"market<U+2010><U+2010>value",2
"marketwide",2
"matter",2
"maximize",2
"measure.",2
"mechanism.",2
"mechanisms",2
"media",2
"mentioning",2
"messages",2
"method",2
"methodology",2
"minimum",2
"minusa£á",2
"misconduct.",2
"mismatch",2
"mispriced",2
"models,",2
"models.",2
"moments",2
"monthly",2
"monthly.",2
"moral",2
"mortgage<U+2010>backed",2
"motivation",2
"movements.",2
"must",2
"nature",2
"network.",2
"news,",2
"news.",2
"next",2
"nine",2
"nonfundamental",2
"nonlinearities",2
"nonspecialist",2
"nontradable",2
"nuisance",2
"observe",2
"one<U+2010>third",2
"online",2
"optimistic",2
"option,",2
"options.",2
"otc",2
"others'",2
"otherwise",2
"outcomes.",2
"outperform",2
"outperform.",2
"overcome",2
"overhang",2
"overreact",2
"overweight",2
"owned",2
"ownership,",2
"parameters",2
"parity.",2
"participants",2
"partly",2
"pattern,",2
"pay,",2
"payments",2
"peer",2
"perceive",2
"period",2
"period,",2
"peripheral",2
"persistent,",2
"persists",2
"plausible",2
"point",2
"ponzi",2
"position",2
"possibility",2
"posting",2
"precise,",2
"predictor",2
"predicts,",2
"predominantly",2
"preferences.",2
"premia,",2
"present,",2
"prevent",2
"priced,",2
"pro",2
"process.",2
"produce",2
"produces",2
"producing",2
"production<U+2010>based",2
"products",2
"products.",2
"professional",2
"professionals'",2
"profit",2
"profitability,",2
"profitability.",2
"promote",2
"propensity",2
"property",2
"proportion",2
"proposed",2
"prospect",2
"prospects",2
"proxies",2
"public.",2
"purchases",2
"purpose,",2
"puzzle.",2
"quantitative",2
"quantitatively",2
"quartile",2
"questions",2
"quid",2
"quo",2
"quote",2
"raised",2
"rate.",2
"rates,",2
"rating",2
"ratio",2
"rational",2
"rationalizes",2
"ratios,",2
"ratios.",2
"reached",2
"realistic",2
"recover",2
"reduced",2
"refinancing",2
"regressions.",2
"regulations",2
"regulatory",2
"relation,",2
"relationships.",2
"rely",2
"relying",2
"rents",2
"replace",2
"replacement",2
"representativeness",2
"represents",2
"reputation",2
"reputation<U+2010>motivated",2
"required",2
"resources",2
"respect",2
"respectively.",2
"results.",2
"retailers",2
"return,",2
"revealing",2
"revenues",2
"reverse",2
"risk-taking",2
"risk<U+2010>averse",2
"risk<U+2010>shifting",2
"robust",2
"s&p",2
"scale",2
"scheme",2
"scheme.",2
"screen",2
"second",2
"security",2
"self<U+2010>dealing",2
"self<U+2010>fulfilling",2
"seller",2
"sentiment.",2
"serves",2
"service",2
"servicers",2
"services",2
"shaped",2
"shareholders.",2
"sheet",2
"sheets",2
"shifts",2
"shipping",2
"short<U+2010>selling",2
"shorting",2
"side",2
"signaling",2
"signals",2
"signals.",2
"size,",2
"skills",2
"slower,",2
"small,",2
"smaller",2
"smoothing",2
"softening",2
"sold",2
"solely",2
"sorted",2
"spanned",2
"spatial",2
"specialized",2
"specifically,",2
"speculation",2
"speculative",2
"speculators",2
"spikes",2
"spillovers",2
"spot",2
"spread.",2
"spreading",2
"spreads,",2
"spreads.",2
"starting",2
"starts",2
"startups",2
"states.",2
"stimulus",2
"stock's",2
"stock<U+2010>level",2
"stress",2
"subject",2
"subjective",2
"subsequently",2
"substantially",2
"such",2
"suffer",2
"sufficiently",2
"surprise",2
"survival",2
"susceptible",2
"sw.",2
"systematically",2
"systems",2
"takeover",2
"tend",2
"their",2
"theorem",2
"theories.",2
"thereby",2
"they",2
"though",2
"time,",2
"time<U+2010>varying",2
"tom",2
"top",2
"trade,",2
"trader",2
"traders,",2
"trades,",2
"trades.",2
"tranches",2
"transaction<U+2010>level",2
"translates",2
"transmission",2
"treatment",2
"trigger",2
"trillion",2
"true",2
"turn",2
"turnover,",2
"types",2
"typical",2
"typically",2
"u.k.",2
"unbalanced",2
"unclear",2
"uncover",2
"underestimate",2
"underperformance",2
"unemployment.",2
"unexpected",2
"unified",2
"upon",2
"upside",2
"utilization",2
"valuations,",2
"value<U+2010><U+2010>book",2
"variable",2
"variances",2
"variation.",2
"variety",2
"vesting",2
"vice",2
"view",2
"volatile",2
"volatility,",2
"voting",2
"walk",2
"ways",2
"weeks",2
"welfare.",2
"whereas",2
"whereby",2
"wholesale",2
"whose",2
"why",2
"wider",2
"will",2
"window",2
"winning",2
"work",2
"worst",2
"year",2
"yesterday's",2
"yet,",2
"--counter",1
"-exertion",1
"-little",1
"-much",1
"¡V1.2",1
"¡V1.4.",1
"¡V3.9.",1
"\"advance",1
"$0.04",1
"$0.13",1
"$0.20",1
"$12",1
"$160",1
"$2,400",1
"$2.3",1
"$2.9",1
"$24",1
"$474,000",1
"(¡§pledgeability¡¨)",1
"(1)",1
"(1.1%)",1
"(1996)",1
"(1996),",1
"(2)",1
"(2005).",1
"(2015a,",1
"(3)",1
"(9.8%),",1
"(alpha)",1
"(alphas)",1
"(arm)",1
"(average)",1
"(banks)",1
"(barillas,",1
"(based",1
"(btm),",1
"(buyers",1
"(cc)",1
"(cdb),",1
"(ce),",1
"(cip)",1
"(cmbs),",1
"(comparative",1
"(crra)",1
"(dc)",1
"(especially",1
"(espps),",1
"(etfs)",1
"(eur/chf)",1
"(exogenous",1
"(fdr)",1
"(fm)",1
"(fom),",1
"(fomc)",1
"(ftt)",1
"(fvas)",1
"(hml)",1
"(informed)",1
"(investment",1
"(ipo)",1
"(ipos)",1
"(iv)",1
"(lasso)",1
"(lmi)",1
"(long",1
"(lowering)",1
"(old).",1
"(overestimated)",1
"(p.p.),",1
"(placebo)",1
"(potentially",1
"(private",1
"(r&d)<U+2010>intensive",1
"(real",1
"(relative",1
"(sec)",1
"(soes)",1
"(sri)",1
"(stock)",1
"(tom).",1
"(uninformed)",1
"..d.,",1
"¡§<U+2010>inception¡¨",1
"¡§activist",1
"¡§capacity",1
"¡§characteristics¡¨",1
"¡§covariances¡¨",1
"¡§cursed¡¨",1
"¡§dismissive¡¨",1
"¡§distraction",1
"¡§free¡¨",1
"¡§lemons",1
"¡§lottery¡¨",1
"¡§noise",1
"¡§presumed",1
"¡§profitability¡¨",1
"¡§rank",1
"¡§risk",1
"¡§skin",1
"¡§women's",1
"+$4",1
"<U+2010><U+2010>drawn",1
"<U+2010>learning",1
"<U+2010>trade",1
"<U+2212>3.2%",1
"¡Ó2%",1
"0.10<U+2010>mile",1
"0.3",1
"0.4%",1
"0.5",1
"0.6",1
"1.5%",1
"12%",1
"12.5%",1
"12<U+2010>month",1
"140",1
"16%.",1
"17%.",1
"170",1
"1850s.",1
"1934",1
"1974,",1
"1975",1
"1980s",1
"1983",1
"1987",1
"1991",1
"1994",1
"1994,",1
"1996",1
"2,000",1
"2,882",1
"2.5",1
"2.7%",1
"2.8%",1
"20%",1
"2000",1
"2001",1
"2001,",1
"2002",1
"2003.",1
"2006<U+2010>346",1
"2007",1
"2007.",1
"2010",1
"2010,",1
"2010.",1
"2012",1
"2012.",1
"2014",1
"2014.",1
"2015,",1
"2015b)",1
"2016)",1
"2018,",1
"220",1
"23.4%",1
"24%",1
"25.3%",1
"26%,",1
"27%",1
"27.1%",1
"29.1%,",1
"30%",1
"34%",1
"39.5%",1
"4%,",1
"4,500",1
"4.1",1
"4.2%",1
"4.6%",1
"40%.",1
"41.3%",1
"432",1
"490,000",1
"500",1
"500.",1
"53%.",1
"55%",1
"6%.",1
"60%",1
"65%",1
"657",1
"7%.",1
"715¡V754).",1
"73,",1
"88%.",1
"9.4%",1
"95%",1
"a£á<U+0153>commodity",1
"a£á<U+0153>greenspan",1
"a£á<U+0153>lemonsa£á",1
"a£á<U+0153>multiplya£á",1
"a£á<U+0153>righta£á",1
"a£á<U+0153>ruthless",1
"a<U+02C6>¡¦$6",1
"abandon",1
"abilities",1
"ability,",1
"absence",1
"absent",1
"absolute",1
"abundant",1
"acceptable.",1
"accessible",1
"accidentally",1
"accommodating",1
"accordance",1
"according",1
"accordingly.",1
"accounting",1
"accruing",1
"accumulation",1
"accurate",1
"acknowledged.",1
"acquire",1
"acquisition",1
"action",1
"actively,",1
"activism.",1
"activists",1
"activities.",1
"activity",1
"activity,",1
"activity.",1
"actuarial",1
"acuity",1
"add",1
"addition",1
"address",1
"addresses",1
"adds",1
"adjust",1
"adjustment",1
"adjustment,",1
"adjustment.",1
"adjustments,",1
"adjustments.",1
"adjusts",1
"adoptees",1
"advisors'",1
"advisors,",1
"advisory",1
"affected.",1
"affecting",1
"affiliates",1
"affiliations",1
"affine",1
"affirmative",1
"age,",1
"age<U+2010>based",1
"agencies",1
"agents.",1
"aggressively",1
"agricultural",1
"aiding",1
"airline",1
"algorithm",1
"align",1
"allocate",1
"allocation,",1
"allocators.¡¨",1
"almost",1
"alone",1
"alongside",1
"alphas.",1
"alternatives",1
"always",1
"ambiguous",1
"amenable",1
"amounts",1
"amounts.",1
"ample",1
"amplify",1
"amplifying",1
"analysts,",1
"analytic",1
"analytical",1
"announcement",1
"announcing",1
"annualized",1
"anomaly).",1
"antitrust",1
"appeal",1
"appeared",1
"applicability",1
"appoint",1
"appointments.",1
"appoints",1
"appreciating",1
"approaches",1
"approximation.",1
"apr",1
"arbitrage,",1
"arbitrage,¡¨",1
"arbitrage.",1
"arbitrage<U+2010>free.",1
"arbitrageur",1
"arbitrageurs'",1
"arbitrageurs.",1
"area",1
"arise",1
"arise:",1
"arrangement.",1
"arrival.",1
"arrive",1
"arrives",1
"arrives,",1
"asking",1
"aspects",1
"assets'",1
"assets<U+2010><U+2010>place",1
"assuming",1
"assumptions,",1
"asymmetry.",1
"ata£á",1
"attain",1
"attempt",1
"attempts",1
"attention",1
"attenuates",1
"attenuation",1
"attract",1
"attributable",1
"attributes,",1
"auctions,",1
"augmented",1
"august",1
"authorities.",1
"autocorrelation",1
"autodebit",1
"automation.",1
"availability",1
"available,",1
"average).",1
"back.",1
"balances",1
"bank<U+2010>supply",1
"banking,",1
"bankinga£á¡¨",1
"banks)",1
"banks),",1
"banning",1
"barras,",1
"basic",1
"basis<U+2010>momentum.",1
"baskets.",1
"battery",1
"before",1
"began",1
"behalf",1
"behavior,",1
"behind",1
"benchmark.(this",1
"benchmarkadjusted",1
"benefitted",1
"best,",1
"beta<U+2010>sorted",1
"better,",1
"between",1
"beyond",1
"bias,",1
"bias.",1
"biased,",1
"bidders,",1
"bilaterally",1
"bill",1
"billion.",1
"binary,",1
"binding,",1
"block",1
"boards,",1
"body",1
"bond's",1
"bond<U+2010>implied",1
"bondholders.",1
"bonds¡Xcheap",1
"book",1
"book.",1
"book<U+2010><U+2010>market",1
"bookbuilding",1
"bookrunners.",1
"bootstrap",1
"borrower,",1
"borrower.",1
"borrowings",1
"bottom",1
"bps",1
"branches",1
"breakdown",1
"brick<U+2010><U+2010>mortar",1
"broker<U+2010>dealers",1
"broker<U+2010>intermediated",1
"brokerage",1
"brokers¡¦",1
"btm.",1
"bubble,",1
"bubble.",1
"budget",1
"buffers.",1
"built",1
"bulk",1
"bundled",1
"burdens",1
"burdens.",1
"busts",1
"but",1
"buy",1
"buy<U+2010><U+2010>hold",1
"buyers.",1
"buys",1
"calculation",1
"calibrate",1
"calibrations",1
"call.",1
"callable",1
"campaign",1
"campaigns.",1
"campbell<U+2010>shiller",1
"canadian",1
"canonical",1
"cap",1
"capable",1
"capacity,",1
"capital<U+2010>intensive",1
"capitalists'",1
"capitalists,",1
"capitalized",1
"card",1
"cared",1
"carry<U+2010>trade",1
"cars",1
"cases",1
"cash<U+2010>flow",1
"casts",1
"catalyst",1
"categories,",1
"cause,",1
"causing",1
"cdx",1
"cdx,",1
"center",1
"central)",1
"ceo's",1
"ceos.",1
"certificates",1
"certification",1
"chain,",1
"challenges",1
"chance,",1
"changed",1
"changing",1
"channels.",1
"characteristic",1
"characteristics.",1
"characterization",1
"characterizes",1
"cheap.",1
"cheaper",1
"checking",1
"checkout.",1
"child",1
"children,",1
"children;",1
"choice,",1
"cip",1
"cities",1
"city.",1
"city<U+2010>level",1
"claim",1
"class",1
"classes,",1
"classical",1
"client",1
"clientele",1
"clienteles",1
"clienteles.",1
"clients.",1
"climate,",1
"close,",1
"closed<U+2010>form",1
"closure.",1
"code,",1
"coefficient",1
"coexist",1
"cognitive,",1
"coincides",1
"collapse",1
"collapsed",1
"collapses,",1
"collateral,",1
"collaterala£á",1
"collateralizeable",1
"collect",1
"collecting",1
"collection",1
"colombia",1
"combination",1
"combines",1
"come",1
"commensurate",1
"commercials",1
"commission",1
"commitment,",1
"commitments",1
"committees",1
"committing",1
"commodities.",1
"commodity<U+2010>sorted",1
"commonality,",1
"commonly",1
"communicate",1
"companies",1
"comparatively",1
"compare",1
"comparison",1
"comparisons.",1
"compensate",1
"compensates",1
"compete",1
"competed",1
"competent,",1
"competition",1
"competition¡Xaccompanies",1
"competitively",1
"complementarity",1
"complementary",1
"complete",1
"completed",1
"composition,",1
"compounded",1
"compustat",1
"computation",1
"computational",1
"concentrated.",1
"concentrates",1
"concerns.",1
"concert.",1
"conclusions",1
"condition.",1
"conditioning",1
"conditions,",1
"conducts",1
"confidence",1
"confirm",1
"conflict",1
"conjecture",1
"connectedness",1
"connections",1
"connectivity",1
"consecutive",1
"consensus",1
"conservative",1
"considerable",1
"considerably.",1
"considerations.",1
"considered",1
"considered,",1
"consist",1
"consistently",1
"constant,",1
"constrained,",1
"constraining",1
"constrains",1
"constraints,",1
"constructs",1
"consumed,",1
"consumer",1
"consumption,",1
"consumption<U+2010>capm.",1
"consumption<U+2010>savings",1
"contagion,",1
"context",1
"contingent",1
"continue",1
"continues",1
"continuous",1
"continuous<U+2010>time",1
"continuum",1
"contracts,",1
"contractual",1
"contribute.",1
"contributing",1
"convergence.",1
"conversely,",1
"conversion",1
"convertible",1
"convex",1
"convey",1
"conveys",1
"core<U+2010>periphery",1
"corporation,",1
"corporations",1
"corrected",1
"correction",1
"correctly",1
"corrects",1
"correlated.",1
"correlations",1
"corte,",1
"cost¡Xreduced",1
"costly,",1
"costs<U+2010><U+2010>carry.",1
"counterfactual",1
"counterfactually",1
"countries,",1
"countries¡¦",1
"countryside.",1
"county,",1
"court",1
"covariance",1
"covariance.",1
"covaries",1
"covary",1
"covenant",1
"coverture",1
"coverture's",1
"coworkers'",1
"coworkers,",1
"coworkers.",1
"crash,",1
"crash.",1
"crashes",1
"creation",1
"credit,",1
"creditors.",1
"creditors¡¦",1
"crisis:",1
"critique.",1
"cross<U+2010>group",1
"crowd.",1
"crowd;",1
"crowds",1
"crra",1
"currencies)",1
"currencies,",1
"currenciesa£á",1
"curvature",1
"curve.",1
"customer",1
"customization:",1
"cutting",1
"cycle.",1
"cycles.",1
"date,",1
"daughters",1
"days,¡¨",1
"days.",1
"dealer,",1
"dealer<U+2010>network",1
"dealers'",1
"dealers,",1
"deals.",1
"dear",1
"deaths",1
"debt,",1
"decades",1
"decades.",1
"decide",1
"deciding",1
"declined.",1
"declining",1
"declining.",1
"decompose",1
"decomposition",1
"decrease,",1
"decreased",1
"decreased.",1
"decreases.",1
"deductible",1
"deep",1
"deepened",1
"deeper",1
"deeply",1
"default,",1
"default,a£á",1
"defaults.",1
"defeased",1
"defenses,",1
"defer",1
"deferred",1
"defined,",1
"deflate",1
"delay,",1
"delays",1
"delinquency",1
"delinquent",1
"deliver",1
"delivers",1
"della",1
"demand¡K",1
"demise",1
"demographically",1
"densities",1
"depart",1
"depend",1
"dependence",1
"dependent.",1
"depending",1
"depletes",1
"depository",1
"deposits)",1
"deposits.",1
"depreciation.",1
"deregulation",1
"derived",1
"describe",1
"describes",1
"designs,",1
"desire",1
"desks",1
"destroy",1
"destroyed",1
"destruction",1
"details",1
"detected",1
"deteriorate,",1
"deterioration",1
"determinants",1
"determined.(this",1
"determining",1
"detrimental",1
"develops",1
"device,",1
"device.",1
"difference.",1
"differences<U+2010>test",1
"differentiate",1
"differentiation",1
"differentiation.",1
"differently.",1
"differing",1
"differs",1
"diffusive",1
"direction.",1
"disagreement.",1
"disaster",1
"discards",1
"discipline",1
"disclosure",1
"disclosure.",1
"disclosures",1
"disconnected",1
"discount¡¨",1
"discovery.",1
"discriminate",1
"dismiss",1
"displacement",1
"distortions.",1
"distorts",1
"distract",1
"distress,",1
"distributed",1
"distributed,",1
"distributions.",1
"districts",1
"districts.",1
"divergence",1
"divest",1
"divestitures",1
"divestment",1
"dividends,",1
"divisions¡¦",1
"doctors,",1
"doctrine",1
"documents",1
"dollar",1
"domains",1
"domestic",1
"dominant",1
"dominates",1
"doubt",1
"downside<U+2010>hedging",1
"downsize",1
"downstream",1
"downturn.",1
"downturns,",1
"downturns.",1
"dramatically.",1
"drawing",1
"driver",1
"drops,",1
"drops.",1
"dry<U+2010>ups",1
"dry<U+2010>ups.",1
"durable",1
"duration",1
"duration,",1
"dynamic,",1
"early",1
"earned",1
"earning",1
"earnings,",1
"easier",1
"easier,",1
"easily,",1
"easing",1
"economizes",1
"economy,",1
"economy<U+2010>wide",1
"education,",1
"effect)",1
"effect,",1
"effect,¡¨",1
"effectively",1
"effects).",1
"effects:",1
"efficient.",1
"effort.",1
"elapsed",1
"elastic",1
"elasticities",1
"elasticity",1
"elected",1
"election",1
"election,",1
"electronics",1
"elicit",1
"elicited",1
"eliminate",1
"emanates",1
"emerged",1
"emphasize",1
"employ",1
"employees.",1
"employees¡¦",1
"employing",1
"employment,",1
"employment.",1
"enables",1
"encountered",1
"encouraging",1
"end",1
"end,",1
"endogenizes",1
"enforcement",1
"engaging",1
"enhances",1
"enterprises",1
"entirely",1
"entrepreneur",1
"environment",1
"environment.",1
"environmental",1
"environmentally",1
"episodes",1
"equal",1
"equates",1
"equation",1
"equilibria.",1
"equipment,",1
"equities.",1
"errors,",1
"errors.",1
"essential",1
"established",1
"establishment<U+2010>level",1
"estate",1
"estate)",1
"estate,",1
"estimation",1
"estimation,",1
"estimator",1
"etfs",1
"euro",1
"evaluation",1
"evenly",1
"event",1
"events:",1
"eventually",1
"every",1
"evidence,",1
"evolving",1
"exacerbating",1
"exaggerating",1
"examines",1
"examining",1
"examples,",1
"exceeded",1
"except",1
"excessively",1
"exchange<U+2010>traded",1
"exclusively",1
"execute",1
"executed",1
"executives",1
"exerts",1
"exhausting",1
"exhibited",1
"exist,",1
"exist.",1
"existence",1
"exit.",1
"expanding",1
"expands",1
"expect",1
"expectationsa£á¡¨",1
"expediency,",1
"expenditures",1
"experiencing",1
"experiment,",1
"experiments,",1
"expertise,",1
"expiration",1
"explanations.",1
"explicitly",1
"export",1
"exposes",1
"exposure,",1
"exposure.",1
"exposures",1
"extend",1
"extending",1
"extensive",1
"extent.",1
"extract",1
"extracted",1
"extraction",1
"extrapolate",1
"extrapolation/error",1
"extreme",1
"f<U+2010>statistic.",1
"faced",1
"facilitated",1
"fact,",1
"factor,",1
"factor.",1
"factors;",1
"fails.",1
"fall",1
"fall,",1
"fall.",1
"falls",1
"false",1
"fama",1
"families",1
"families,",1
"family",1
"fare",1
"farther",1
"faster,",1
"fdr's",1
"feasible.",1
"features:",1
"fee.",1
"fell",1
"fetch",1
"field,",1
"filed",1
"filing",1
"filter",1
"finala£á",1
"financed",1
"financed.",1
"financing.",1
"finished",1
"firm)",1
"firm.",1
"firms¡X",1
"firms),",1
"firmsa£á<U+2122>",1
"first<U+2010>order",1
"fiscal",1
"five",1
"flatter",1
"flexibility",1
"flexible",1
"flight<U+2010><U+2010>safety:",1
"flighta£á",1
"floating",1
"floor",1
"flowing",1
"focusing",1
"follow<U+2010>",1
"followed",1
"fom",1
"fomc",1
"forced",1
"forecast.",1
"forecast<U+2010>implied",1
"forecasts.",1
"foreclosures",1
"forgo",1
"form.",1
"format",1
"forming",1
"forms",1
"formulas",1
"four",1
"four<U+2010>factor",1
"fragility.",1
"frame),",1
"framework.",1
"franc",1
"france",1
"francisco,",1
"freeze",1
"freezes.",1
"french",1
"friction",1
"frictionless",1
"frictions,",1
"from",1
"frontier",1
"ftt",1
"fuel",1
"full",1
"functions",1
"fund-level",1
"fund,",1
"fund¡¦s",1
"fund<U+2010>level",1
"fundamental).",1
"fundamentally",1
"fundamentals,",1
"further,",1
"future.",1
"future:",1
"futures,",1
"fvas.",1
"gain/loss",1
"gained",1
"game.¡¨",1
"gap",1
"gap:",1
"gather",1
"gauge",1
"general<U+2010>equilibrium",1
"generating",1
"generation",1
"genetic",1
"german",1
"gibbons<U+2010>ross<U+2010>shanken",1
"given,",1
"giving",1
"globalization",1
"globalization.",1
"going<U+2010>private",1
"good.",1
"goods,",1
"goods.",1
"governance,",1
"governors",1
"grade",1
"gradualism",1
"gradually.",1
"granted",1
"granted.",1
"grants,",1
"great",1
"greatest",1
"ground",1
"growing",1
"guarantees",1
"guidance,",1
"habit",1
"hamilton<U+2010>jacobi<U+2010>bellman",1
"hand<U+2010>collected",1
"happen",1
"hard",1
"harder,",1
"harder<U+2010><U+2010>value",1
"harm",1
"harrison<U+2010>kreps,",1
"heavily",1
"heavy",1
"hedge.",1
"hedgeable",1
"hedgers",1
"hedges",1
"hedging<U+2010>induced",1
"helps¡¨",1
"henceforth,",1
"herding<U+2010>antiherding",1
"here,",1
"hereafter",1
"heterogeneity.",1
"heterogeneous<U+2010>beliefs",1
"heteroskedasticity",1
"hfts.",1
"hidden",1
"high-cost",1
"high,",1
"high.",1
"high<U+2010>fee",1
"high<U+2010>information",1
"high<U+2010>minus<U+2010>low",1
"high<U+2010>profit",1
"high<U+2010>stakes",1
"high<U+2010>sustainability",1
"higher,",1
"highest",1
"highlighting",1
"highlights",1
"hinder",1
"histories",1
"history",1
"history,",1
"historya£á",1
"hit",1
"hml<U+2010>fx",1
"hml<U+2010>nfa",1
"holders",1
"holdings.",1
"holds",1
"holds:",1
"homebuyer",1
"homeowner",1
"homeowners'",1
"homeownership",1
"homogeneous",1
"horizon",1
"horizon,",1
"horizons.",1
"horse",1
"hou,",1
"household<U+2010>debt",1
"household<U+2010>debt<U+2010>overhang",1
"households'",1
"households,",1
"households.",1
"hubs",1
"hypotheses",1
"hysteresis",1
"i's",1
"identifiable",1
"identification,",1
"identification.",1
"identified",1
"identifying",1
"identity),",1
"illiquidity,",1
"illiquidity.",1
"illness.",1
"illustrates",1
"illustrative",1
"images",1
"imbalances",1
"imbalances,",1
"immediacy",1
"immediate",1
"immediately.",1
"immune",1
"impact.",1
"impaired,",1
"impede",1
"implemented",1
"implementing",1
"implying",1
"import",1
"import<U+2010>competing",1
"important,",1
"imports",1
"imposed",1
"imposing",1
"imposition",1
"impounds",1
"improved",1
"inability",1
"inattention",1
"inattentive",1
"incentives.",1
"incentivize",1
"income.",1
"incoming",1
"incorporated",1
"increase,",1
"increase.",1
"increased,",1
"increases.",1
"incur",1
"indefinitely",1
"indeterminacy",1
"index.",1
"indicator",1
"individual's",1
"individuals.",1
"induce",1
"industrial",1
"industrialization.",1
"industry-level",1
"inequality",1
"infer",1
"inference",1
"inference.",1
"inferences",1
"inferior",1
"inflation",1
"inflation,",1
"influence.",1
"influences",1
"informal",1
"informative.",1
"informativeness.",1
"informed,",1
"informed.",1
"infrastructure",1
"inliers.",1
"innovation.",1
"innovations",1
"innovative",1
"inputs",1
"inputs.",1
"inside",1
"insight",1
"inspired",1
"instead.",1
"instituted",1
"institution<U+2010>wide",1
"institutions,",1
"institutions.",1
"instrument",1
"insufficient",1
"insulated",1
"insulates",1
"insured",1
"insurers'",1
"intelligence",1
"intelligence,",1
"intensifies",1
"intensify",1
"intensities",1
"intensity,",1
"intensive",1
"interaction",1
"interdependence",1
"interest<U+2010>rate",1
"intermediate",1
"intermediated",1
"intermediation",1
"intermeeting",1
"internal",1
"interpret",1
"interpretation,",1
"interrupts",1
"intertemporal",1
"intervene",1
"interventions.",1
"introduction",1
"invalidates",1
"invariance",1
"inventory",1
"inversely",1
"invested",1
"investigating",1
"investing",1
"investment<U+2010>specific",1
"investments,",1
"investments.",1
"investor's",1
"investor<U+2010>",1
"investor<U+2010>bank",1
"investor<U+2010>level",1
"investor<U+2010>paid",1
"investors?",1
"invitation",1
"inviter",1
"inviter<U+2010>invitee",1
"irrelevance",1
"irrelevant",1
"isolate",1
"issuance",1
"issue",1
"issued",1
"issuing",1
"january",1
"jay",1
"jeffreys",1
"job",1
"join",1
"joint",1
"jointly",1
"judges",1
"jump",1
"junior",1
"kahneman",1
"kink",1
"korea,",1
"korteweg",1
"lab",1
"lab<U+2010><U+2010><U+2010>field",1
"labor.",1
"labor<U+2010>search",1
"laboratory,",1
"lack",1
"lagged",1
"large.",1
"largea£á",1
"latent",1
"later",1
"later.",1
"latest",1
"latitude",1
"law's",1
"layoff",1
"leakage",1
"learn",1
"learned.",1
"learning,",1
"lend",1
"lenders'",1
"lenders.",1
"lenient",1
"less.",1
"lesser",1
"leveraged",1
"leveraging",1
"liabilities,",1
"liability",1
"liberation,¡¨",1
"life",1
"life.",1
"likelihood<U+2010>based",1
"likely.",1
"linear<U+2010>quadratic",1
"linked",1
"liquidating",1
"liquidation,",1
"liquidations",1
"liquiditya£á",1
"literacy",1
"literacy.",1
"literature",1
"literature,",1
"literature.",1
"litigation",1
"living",1
"loans,",1
"loans.",1
"locally",1
"located",1
"log<U+2010>linearization",1
"long<U+2010>",1
"long<U+2010>lasting",1
"long<U+2010>maturity",1
"long<U+2010>short",1
"longa£á",1
"longer.",1
"lookback",1
"looking",1
"losses),",1
"losses.",1
"lottery<U+2010>like",1
"low-cost",1
"low.",1
"low<U+2010>cost",1
"low<U+2010>sustainability",1
"low<U+2010>value",1
"lower,",1
"lowering",1
"lucas",1
"luck",1
"lumpy",1
"lustig,",1
"machine",1
"macro<U+2010>risk",1
"macrofinance",1
"madrigal's",1
"magnitude.",1
"magnitudes",1
"mainly",1
"maintain",1
"maintained",1
"majority",1
"makers,",1
"makes",1
"managed",1
"manager",1
"manager,",1
"mandatory",1
"manipulate",1
"manipulation",1
"manipulation.",1
"manner",1
"map",1
"margins,",1
"market)",1
"market:",1
"market<U+2010>clearing",1
"market<U+2010>stabilizing",1
"market<U+2010>wide",1
"marketing",1
"markets'",1
"markets)",1
"markets.(this",1
"markets?",1
"markups",1
"married",1
"martingale",1
"maryland.",1
"mask",1
"match",1
"matched",1
"matches",1
"material",1
"materialize",1
"materially",1
"maximizes",1
"mean<U+2010>variance",1
"measured",1
"mechanism,",1
"median",1
"mediocre",1
"medium<U+2010>",1
"meeting.",1
"meetings.",1
"mega<U+2010>firms",1
"mega<U+2010>firms,",1
"member,",1
"membership",1
"men",1
"merger,",1
"merger<U+2010>firm",1
"mergers",1
"method.",1
"methods",1
"metrics",1
"metro",1
"mexican",1
"mexico",1
"microdata",1
"microlevel",1
"microstructure",1
"mid<U+2010>year",1
"might",1
"mild",1
"miller",1
"mind",1
"minimizing",1
"mining.",1
"minus",1
"mirror",1
"misclassified",1
"misleading",1
"mispricing.",1
"misses",1
"misses,",1
"mistakenly",1
"mix",1
"mixed",1
"model.",1
"model<U+2010>free",1
"model<U+2010>generated",1
"modeled",1
"moderates",1
"modigliani",1
"modigliani<U+2010>miller<U+2010>like",1
"moments,",1
"momentum,",1
"money)",1
"money,",1
"moneya£á",1
"monotonicity.",1
"montgomery",1
"month,",1
"months",1
"more",1
"mortgages",1
"mortgages,",1
"motives.",1
"move",1
"movements",1
"moves",1
"moving",1
"multiagent",1
"multifactor",1
"multiperiod",1
"multiples<U+2010>based",1
"multisector",1
"multiyear",1
"municipalities",1
"municipality",1
"mutually",1
"namely,",1
"napoleonic",1
"nationwide",1
"near<U+2010>arbitrage",1
"necessarily",1
"need",1
"needs",1
"negative.",1
"neglect",1
"neighbors.",1
"neither",1
"nevertheless",1
"new,",1
"newer",1
"newly",1
"noisier",1
"non<U+2010>hfts.",1
"nonagriculture",1
"nonbank",1
"noncognitive",1
"noncollateralizeable",1
"noncommercial",1
"noncommittee",1
"nonequity",1
"nonetheless",1
"nonfinancial",1
"nonindexed",1
"noninformational",1
"noninvestment<U+2010>grade",1
"nonlinearities,",1
"nonmonotone",1
"nonnegligible",1
"nonpecuniary",1
"nontrade",1
"nonzero<U+2010>alpha",1
"normal",1
"norms",1
"notably",1
"note",1
"nothing",1
"notion",1
"numerical",1
"numerous.",1
"nurture",1
"obligations.",1
"observation",1
"obtain",1
"obtaining",1
"occupational",1
"occur.",1
"occurred",1
"occurring",1
"occurs",1
"offering",1
"offerings",1
"offers",1
"office",1
"office.",1
"officials",1
"officials¡Xoften",1
"officials¡¦",1
"offset",1
"omits",1
"omnipresent",1
"one-size-fits-",1
"one<U+2010>factor",1
"one<U+2010>minute<U+2010>ahead",1
"one<U+2010>standard<U+2010>deviation",1
"open",1
"operation",1
"operational",1
"operations",1
"operator",1
"opinions",1
"opportunities,",1
"opportunities.",1
"opposed",1
"opposite",1
"opt<U+2010>/default",1
"optimistic,",1
"optimistically",1
"ordonnance",1
"original",1
"originate<U+2010><U+2010>distribute",1
"origination",1
"origination.",1
"originator",1
"orthogonal",1
"ostensibly",1
"otherwise<U+2010>identical",1
"otherwise<U+2010>similar",1
"outcome",1
"outcomes,",1
"outflows",1
"outflows.",1
"outliers",1
"outliers,",1
"outperforms",1
"outside",1
"outsized",1
"outsourced",1
"overconfident",1
"overdrafts",1
"overexposed",1
"overhang¡¨",1
"overreliance",1
"overshoot",1
"overvalued",1
"overweighting",1
"owner<U+2010>occupancy.",1
"owner<U+2010>occupied",1
"owners'",1
"pace",1
"paid,",1
"paper.",1
"par",1
"parameter",1
"parameter<U+2010>dependent",1
"parameter<U+2010>free",1
"parameterizations.",1
"parameters,",1
"parameters.",1
"parents.",1
"parity",1
"partial",1
"participate",1
"participating",1
"participation.",1
"particular",1
"particular,",1
"partners",1
"past¡X",1
"patents",1
"patents.",1
"paths",1
"patterns,",1
"patterns.",1
"payable",1
"paying",1
"paying.",1
"payment",1
"payments¡Xaccount",1
"payments,",1
"payments.",1
"payoff",1
"payoffs",1
"payout,",1
"pecking",1
"peers",1
"peers,",1
"peers.",1
"penalize",1
"per<U+2010>trader",1
"perception",1
"perceptions",1
"perfectly",1
"perform",1
"performance:",1
"periods,",1
"periods.",1
"periphery",1
"permanent",1
"permits",1
"perpetuates",1
"persist",1
"persistence",1
"persistence,",1
"person",1
"personally",1
"perspective.",1
"pervasively",1
"perverse",1
"pessimistic.",1
"phenomenon",1
"physical",1
"place,",1
"plan",1
"plan.",1
"plans,",1
"platform,",1
"plausibly",1
"plays",1
"pledge",1
"pledgeability",1
"pledgeability.",1
"pledgeable",1
"plunged",1
"pointing",1
"points.",1
"polarize.",1
"policies,",1
"policy,",1
"politicians",1
"politicians'",1
"politicians,",1
"popular",1
"porta's",1
"portfolios.",1
"portfolios:",1
"portion",1
"positions.",1
"possess",1
"possessory",1
"possible",1
"post",1
"post-birth",1
"post,",1
"postcrisis",1
"potential.",1
"power,",1
"power.",1
"power¡¨",1
"powerful",1
"practice",1
"practice,",1
"practice.",1
"practices",1
"pre-birth",1
"pre-commitment",1
"prearranging",1
"precautions",1
"precise.",1
"precrisis",1
"predate",1
"predation",1
"predict,",1
"predict.",1
"predictability.",1
"predictable",1
"predicted",1
"predictors,",1
"predictors.",1
"preexisting",1
"prefer",1
"preferred",1
"premium.",1
"presented.",1
"preservation",1
"president",1
"pressure,",1
"pressure.",1
"prevalent",1
"previous",1
"preyed",1
"price-transparency",1
"price¡Vnetwork",1
"price,",1
"price;",1
"prices:",1
"prices;",1
"primary",1
"priming",1
"principal",1
"principal's",1
"principal,",1
"principal<U+2010>agent",1
"prior,",1
"priori",1
"priori,",1
"probabilities",1
"probabilities,",1
"problem,",1
"procedure",1
"process",1
"process,",1
"processes,",1
"processing",1
"procurement",1
"producers",1
"production,",1
"production.",1
"productivity,",1
"products,",1
"professionals",1
"professionals).",1
"professionals,",1
"profitable",1
"profitable.",1
"profound",1
"program",1
"program's",1
"prohibited",1
"projection",1
"projections",1
"projects",1
"prolonged",1
"promising",1
"promoted",1
"prone",1
"proof",1
"propagate",1
"propensities",1
"properties",1
"properties,",1
"proportionate",1
"proposals",1
"proposes",1
"proposition",1
"prospectuses.",1
"protected",1
"provided",1
"providers).",1
"providers.",1
"providing",1
"provision,",1
"proxied",1
"publicly",1
"purchased",1
"purposes",1
"pursue",1
"pursuing",1
"put",1
"put,a£á",1
"puts",1
"puzzle",1
"qualitatively",1
"quality.",1
"quantifies",1
"quantities",1
"quarter,",1
"quarterly",1
"quasi<U+2010>random",1
"question.",1
"quiet",1
"quotations",1
"r&d).",1
"races",1
"radius.",1
"ranges",1
"rank<U+2010><U+2010>file",1
"rankings",1
"rare",1
"rarely",1
"ratchet",1
"rate,",1
"rationalize",1
"rationally",1
"rationals",1
"rationals.",1
"rations",1
"reactions",1
"real<U+2010>side",1
"realizations",1
"realize",1
"reallocate",1
"reallocates",1
"reasonably",1
"rebalance",1
"rebounds.",1
"recalled.",1
"recapitalizations.",1
"receive",1
"recently,",1
"recessions.",1
"reckless",1
"reconcile",1
"record",1
"records,",1
"recourse",1
"recovered",1
"recoveries,",1
"recursive",1
"redistributive",1
"reduced<U+2010>form",1
"reflect",1
"reflection,",1
"reform",1
"reform.",1
"reforms",1
"refunded",1
"refunded.\"",1
"refunding",1
"refunding,",1
"refunding.(this",1
"regime",1
"regions",1
"regions.",1
"regression",1
"regressions",1
"regret<U+2010>avoidance/pride<U+2010>seeking)",1
"regularities",1
"regulating",1
"regulation",1
"regulator",1
"reinvest",1
"relate",1
"relates",1
"relationship.",1
"relationships,",1
"relaxing",1
"release,",1
"relevant",1
"reliability",1
"reliable",1
"reliably.",1
"reliance",1
"relief.",1
"reluctance",1
"remain",1
"remains",1
"remedy",1
"removed",1
"removes",1
"renegotiations.",1
"rent<U+2010>seeking",1
"renting",1
"reorganization",1
"reorganized",1
"repackaging",1
"repayment",1
"repayments",1
"repeat",1
"repetitions.",1
"replenished.",1
"replicates",1
"report",1
"reports",1
"represent",1
"representation",1
"representatives",1
"represented",1
"repudiated",1
"repurchases",1
"require",1
"requirement",1
"reserve",1
"reset",1
"residential",1
"resilient",1
"resist",1
"responded",1
"respondents",1
"responses,",1
"restrictions",1
"result.",1
"resulted",1
"retailer",1
"retailers.",1
"retain",1
"retirees",1
"retirement",1
"retirement.",1
"retirements",1
"return),",1
"returns¡X",1
"returns.(this",1
"returns:",1
"reveal",1
"revealed",1
"reversal.",1
"reversals.",1
"reversible",1
"revisions",1
"revisit",1
"revisiting",1
"reward",1
"rhodes<U+2010>kropf,",1
"riddiough,",1
"ride",1
"rise,",1
"rises",1
"rising",1
"risk-taking.(this",1
"risk<U+2010>adjusted",1
"risk<U+2010>averse.",1
"risk<U+2010>aversion",1
"risk<U+2010>sharing",1
"riskier",1
"risks,",1
"risks.",1
"robinson,",1
"robustly",1
"role.",1
"roles",1
"rolling",1
"roughly",1
"round<U+2010>trip",1
"roussanov,",1
"route<U+2010>level",1
"rules",1
"run",1
"runs,",1
"rural",1
"sacrifice",1
"safer",1
"salaries.",1
"sale.",1
"sales.",1
"salient",1
"sample,",1
"sarno.",1
"satisfy",1
"scaillet,",1
"scale,",1
"scale<U+2010>free",1
"scarce",1
"screening",1
"search,",1
"searching",1
"seconda£á",1
"secondary",1
"section.",1
"sector.",1
"sectors",1
"secured",1
"securities.",1
"seekers",1
"seeking",1
"seeking,",1
"seem",1
"segmentation",1
"segmentation,",1
"segmented",1
"selectivity.",1
"self<U+2010>correcting:",1
"self<U+2010>efficacy",1
"self<U+2010>efficacy,",1
"self<U+2010>exciting",1
"sell.",1
"selling.",1
"senior",1
"seniority,",1
"sensation<U+2010>avoiding",1
"sensational",1
"sensitive",1
"sentiment<U+2010>investor",1
"separate",1
"separate,",1
"september",1
"serve",1
"servicers.",1
"services.",1
"servicing",1
"set,",1
"set.",1
"sets.",1
"setting.",1
"settings",1
"severe",1
"severe.",1
"shallow",1
"shanken,",1
"shape",1
"shaping",1
"share.",1
"shareholder<U+2010>debtholder",1
"sharing",1
"sharing.",1
"sharp",1
"sharply",1
"she",1
"sheds",1
"shield",1
"shock,",1
"shocks¡Xmeasured",1
"short-term",1
"short<U+2010>horizon",1
"short<U+2010>lived",1
"short<U+2010>lived,",1
"short<U+2010>term,",1
"short<U+2010>termism",1
"short<U+2010>window",1
"shorta£á",1
"shortcoming",1
"shorter",1
"shorts",1
"showing",1
"shown",1
"shrink",1
"shrinkage",1
"shrinks,",1
"shrouding",1
"sides",1
"signal.",1
"signal<U+2010><U+2010>noise",1
"signals¡¦",1
"significant,",1
"signs,",1
"signs.",1
"silent",1
"simulation",1
"simulations",1
"six",1
"size;",1
"slack.",1
"slow<U+2010>moving,",1
"slower",1
"slumps",1
"small;",1
"smaller.",1
"smooths",1
"society",1
"socioeconomic",1
"soe",1
"solutions",1
"something",1
"somewhat",1
"sophistication",1
"sorensen,",1
"sorting",1
"sorts",1
"sparse",1
"sparse.",1
"sparsity",1
"sparsity.",1
"special",1
"specialist",1
"spectrum",1
"speculator's",1
"speed,",1
"spike",1
"spikes.",1
"spillover",1
"split",1
"spook",1
"sports",1
"spouses,",1
"spreads¡X",1
"spreads/returns",1
"square",1
"sri",1
"stability.",1
"stabilizing",1
"stage",1
"staggered",1
"standards.",1
"start",1
"start<U+2010>",1
"start<U+2010>ups",1
"startup¡¦s",1
"state.",1
"state<U+2010>contingent",1
"state<U+2010>owned",1
"statea£á",1
"stated",1
"statics)",1
"statistic",1
"status",1
"status,",1
"statute",1
"steady<U+2010>state",1
"steering",1
"stickier",1
"stickiness",1
"sticky",1
"stochastically",1
"stock-holding",1
"stock,",1
"stock.",1
"stock<U+2010>price",1
"stop.",1
"stopping",1
"storage,",1
"strategic",1
"strategically",1
"stream.",1
"streams",1
"strengthens",1
"stress,",1
"structure,",1
"structure.",1
"structure:",1
"structures",1
"students,",1
"students.",1
"studied",1
"studies:",1
"study,",1
"style",1
"styles",1
"submissions",1
"submit",1
"suboptimal",1
"subsequently?",1
"subset",1
"subsets",1
"subsidiaries,",1
"substantially,",1
"substitute",1
"substitutes",1
"success",1
"suddenly",1
"suffered",1
"suggested",1
"suitable",1
"sundaresan",1
"supervisory",1
"suppliers",1
"supply.",1
"supported",1
"surged.",1
"surges",1
"surplus",1
"surprises",1
"surviving",1
"suspected.",1
"sustain",1
"sustainability:",1
"sustainable",1
"sw's",1
"sw)",1
"swedish",1
"swiss",1
"switch",1
"synchronicity",1
"synchronizes",1
"system",1
"system,",1
"system.",1
"tail<U+2010>overweighting",1
"takes",1
"taking.",1
"tangible",1
"targeted",1
"targets",1
"tasks",1
"tax<U+2010>efficient",1
"tax<U+2010>induced",1
"taxpayers.",1
"teaches",1
"technical,",1
"technological",1
"technology",1
"technology.",1
"temporary,",1
"temptation",1
"tendency",1
"tends",1
"tension",1
"tenure,",1
"tenure.",1
"terms,",1
"terms:",1
"testing",1
"tests,",1
"text<U+2010>based",1
"textual",1
"thea£á",1
"theoretically",1
"theory,",1
"theory.",1
"theory:",1
"theory<U+2010>implied",1
"thereafter.",1
"therefore,",1
"thin",1
"think",1
"this,",1
"threat",1
"through",1
"thumb.",1
"ticket",1
"tie",1
"tightening",1
"tighter",1
"tightly",1
"time-series",1
"time-varying",1
"time<U+2010>consistency",1
"time<U+2010>inseparable",1
"time<U+2010>separable",1
"time<U+2010>series",1
"timea£á",1
"toa£á",1
"tobin's",1
"today",1
"together",1
"tolerant",1
"tracing",1
"track",1
"tracks",1
"tractable",1
"tradable",1
"trade<U+2010>level",1
"tradeable",1
"traders'",1
"traders¡¦",1
"trading)",1
"transaction,",1
"transactions",1
"transactions.",1
"transfers",1
"transformation",1
"transition",1
"transitional",1
"transitioned",1
"translate",1
"transparency",1
"trap",1
"traps",1
"treasuries.",1
"treasury",1
"triggered",1
"trust",1
"trust.",1
"trusted.",1
"trustees¡¦",1
"tunneling",1
"turnover-performance",1
"turnover.",1
"tversky's",1
"twist,",1
"two<U+2010>investor",1
"two<U+2010>stage",1
"u<U+2010>shaped",1
"ubiquitous",1
"ultimately",1
"unaffected",1
"unaffiliated",1
"unanticipated",1
"unbalances.",1
"unbounded",1
"unbundle",1
"uncertainties.",1
"uncertainty,",1
"unconditional",1
"unconstrained",1
"unconventionally,",1
"uncorrelated,",1
"under",1
"underestimated",1
"underestimates",1
"underexposed",1
"underfunded",1
"underfunding",1
"underperforming",1
"underpredict",1
"underpriced",1
"underreaction",1
"undersave",1
"undershoot,",1
"understand",1
"understanding",1
"understates",1
"undertake",1
"underused",1
"undervalued",1
"underwatera£á¡¨far",1
"undeveloped",1
"undiversifiable",1
"undone",1
"unemployment",1
"unethical",1
"unexpected,",1
"unexpectedly",1
"unexplained",1
"unfaithful)",1
"unfavorable",1
"uniformly",1
"uninformed,",1
"uninsured",1
"unique.",1
"uniqueness.",1
"unit",1
"universal",1
"universe",1
"unlevering",1
"unobserved",1
"unpriced",1
"unrelated",1
"unsatisfactorily.",1
"unscheduled",1
"unsecured",1
"unsound",1
"unwilling",1
"unwillingness",1
"update",1
"updated",1
"upon,",1
"upside<U+2010>capturing",1
"usage,",1
"usage.",1
"useful",1
"users",1
"users'",1
"utility,",1
"utility.",1
"vacancies.",1
"vacancy",1
"valid",1
"validating",1
"valuable,",1
"value<U+2010>invariance",1
"value<U+2010>maximizing,",1
"variability",1
"variability,",1
"variability<U+2010>volume",1
"variables",1
"variations",1
"vast",1
"venture,",1
"verdelhan",1
"versa",1
"versa.",1
"versus",1
"vest",1
"view,",1
"viewed",1
"violated",1
"violated.",1
"virtually",1
"viswanathan",1
"vix.",1
"volatile,",1
"volatilities",1
"wang",1
"want",1
"war",1
"war,",1
"way",1
"way.",1
"way?",1
"weak",1
"weakened,",1
"weakens",1
"weaker",1
"weaker.",1
"wealth.",1
"wealthy,",1
"weekends.",1
"weekly",1
"welfare:",1
"well<U+2010>capitalized",1
"wella£á",1
"wermers",1
"where",1
"wide",1
"widely",1
"willing",1
"willingness",1
"win",1
"wind,",1
"wind.",1
"window.",1
"winners",1
"within<U+2010>group",1
"within<U+2010>individual",1
"within<U+2010>route",1
"women",1
"women's",1
"word",1
"word<U+2010><U+2010>mouth",1
"work.",1
"workers",1
"workers,",1
"working",1
"worldwide",1
"worse",1
"wrong",1
"xue,",1
"year,",1
"yielding",1
"young,",1
"younger",1
"zhang",1
